{
  "latency_mean_ms": 5.707093859091401,
  "latency_std_ms": 0.5424849645577224,
  "latency_p50_ms": 5.676808534190059,
  "latency_p95_ms": 6.702923169359561,
  "throughput_images_per_s": 175.22052811642476,
  "psnr": 23.863345533597794,
  "ssim": 0.678417791724205,
  "measured_steps": 50,
  "total_images": 50,
  "experiment_name": "unet_sr_x4_baseline",
  "device": "cuda",
  "use_fp16": false,
  "scale": 4
}