{
  "experiment_name": "unet_sr_x2_baseline",
  "psnr": 28.462139624246696,
  "ssim": 0.8550923851132393,
  "num_images": 200
}